Person,M00,M01,M02,M10,M11,M12,M20,M21,M22
1,288915,45931365,7310788545,25170540,4002586335,637203057855,2288388870,363929138205,-10455640027
1,288915,45905355,7302509205,25149630,3997603635,636146229225,2283721860,363087329655,-5601629311
1,298095,47297655,7513773645,25948800,4119613230,654792240030,2358042120,374518240410,-23037166750
1,302175,47926230,7610842710,26237715,4164228030,661702319790,2378343945,377668725630,-21825443074
1,310845,49304250,7830348240,27030765,4290658050,681898277970,2456999715,390240533670,-31885073950
1,316965,50246985,7975768875,27566775,4373278305,694648039545,2509724535,398394892815,-36505147925
1,319770,50688390,8045262750,27755220,4403379015,699453105015,2526301320,401094454395,-27293900325
1,326910,51804525,8220199125,28416690,4507471035,715873806555,2593796760,411780442575,-37032396877
1,330735,52415505,8317887585,28823670,4572585285,726299804385,2641482270,419427879315,-33981649837
1,332775,52740630,8369960880,29126100,4620819045,734016102345,2680762470,425699441115,-35538947821
1,324360,69534165,14916357345,27225075,5837298075,1252385547105,2410629495,516833504535,10839810497
1,325635,69640500,14904000810,27046830,5785642725,1238471417025,2369386050,506859480435,11874349111
1,335835,71609865,15280451445,27912045,5953108110,1270572714480,2451250485,522859686210,697056296
1,341190,72574530,15448844520,28280265,6017036100,1281119039670,2480832525,527910520680,-5461108214
1,339915,72139245,15321645165,27936015,5930759910,1259997678840,2432911905,516614861670,-10704840136
1,335070,70912185,15018997905,27280410,5775630150,1223665584330,2356052610,498946173810,3633726658
1,329460,69642030,14732437320,26694165,5644833510,1194533710110,2293503405,485103302970,5095246866
1,327675,69050685,14562745785,26460840,5577755760,1176640913460,2263456500,477196884660,9396233392
1,333285,70010505,14719077105,27079215,5689336365,1196287511625,2332220055,490010954685,5482428073
1,335835,70374900,14759737110,27535155,5770012245,1210077765765,2396092965,502015994625,12219199881
1,358020,92133030,23722206810,38121990,9812215635,1332879023287,4211842650,1084230794595,6018496239
1,344505,88382490,22686264210,37147635,9531275760,1261311242724,4147783335,1064367397470,8414766550
1,355470,90670860,23139875040,36859740,9405717330,1465007013502,3985026780,1017216492930,2262819462
1,317985,80917365,20602598775,33476910,8519182545,1408887143433,3642701520,927038568075,3277567399
1,322320,81659670,20700663360,33912960,8592043695,1439306859203,3694166130,935944035075,2126925007
1,353430,89079915,22465297275,37143555,9363341940,1408185699588,4079239845,1028327231550,-11837788710
1,363630,91233900,22904601840,38737305,9719587140,1375034226172,4313375745,1082146902720,5884119640
1,372045,92921235,23222322405,39876645,9959584980,1419543616056,4466465505,1115407141770,-6674734518
1,375105,93308835,23225193195,40210695,10001797680,1475648782114,4505501415,1120425931410,-4012405760
1,379950,93966990,23254548030,40551120,10027120200,1591917905118,4517240850,1116721422990,-37312606804
1,281265,45028155,7216809825,24062310,3851238480,617076012150,2144143530,343087961940,-16395097294
1,288660,46252155,7419107445,24885195,3985887915,639091121715,2242845105,359083529265,-27889937155
1,286875,45986445,7379745645,24727350,3962338155,635593480515,2227053210,356710573725,-26708794667
1,282540,45292590,7268287440,24348675,3901989600,625944221100,2192274015,351194456820,-15040483040
1,283050,45354555,7275092115,24484845,3922481910,629017617270,2213826105,354557472810,-10223378886
1,278970,44671920,7160827890,24116370,3861269925,618841654335,2177183370,348522316665,-4413439273
1,278460,44548755,7134472365,24260700,3880901100,621432165420,2206207470,352860922110,-2759729998
1,279480,44683395,7151488005,24418290,3904533480,624965914110,2226805860,356090307390,1503864020
1,283560,45282645,7239150375,24764580,3956129925,632640064905,2257327320,360699000165,1504584233
1,290190,46300095,7395412845,25251885,4030985175,644150422695,2295834615,366624733515,-4584343721
1,269535,59380830,13090179180,21591105,4756263315,1048368528915,1810268205,398709380235,23090869343
1,274125,60357480,13297703280,22025370,4848466725,1067917926435,1853334900,407858597145,18793893215
1,281010,61858920,13625206920,22616205,4976580255,1095700418685,1908703815,419816752275,20131357669
1,285600,62839650,13834684830,23017830,5062368630,1114019200230,1946743950,427950633390,15202886838
1,294270,64662900,14217210840,23948325,5259378315,1155668114355,2053069005,450587769045,7047956645
1,295800,64949265,14269083705,24165075,5303241375,1164476567115,2079488025,456090773085,7738689669
1,296565,65046930,14275126950,24224745,5310318390,1164715505940,2083234995,456380718030,7112884236
1,307530,67316940,14743777680,25666005,5613600600,1228468902540,2260422255,493942419480,3313480812
1,302430,66106455,14458086135,25246020,5514429570,1205176031580,2223216480,485199381360,3625489598
1,308295,67209840,14660583420,25865670,5634980820,1228308361680,2288053800,498059354190,2070323314
1,277440,75180120,20380663860,28159140,7632433560,931406247080,2952176820,800318272140,-11281007012
1,276930,74980455,20309813895,28136955,7619604510,951844281866,2951088735,799250679450,-16774401262
1,280245,75807675,20514996075,28350390,7669731390,993431359008,2958613530,800427957330,-22921464944
1,284070,76728480,20733190650,28828005,7786719525,996001925517,3017433615,815014322745,-30135382631
1,292995,79018635,21319555755,29747535,8022348960,1034768763592,3117130455,840556354650,-33813198662
1,297840,80222745,21616194705,30441390,8198543250,989103906976,3217551750,866428590900,-26189268858
1,308040,82804620,22267061040,31769175,8538329475,925504451801,3395891865,912459440835,-32227095831
1,317220,85081260,22828054920,33063555,8865995040,866449089488,3575105355,958384358160,-18854939108
1,323595,86600550,23184801450,34013175,9099620940,811849957242,3710974965,992390536470,-15871074136
1,330225,88081080,23503714650,35053830,9345166560,830262138648,3868461690,1030663097340,-21109618296
2,249900,38901525,6062493675,21889710,3411954570,532400055780,1995295950,311376748440,-19574907830
2,252705,39366135,6139311405,22150065,3454708380,539417264610,2020236225,315447183390,-7835063452
2,251685,39202935,6113154015,22069995,3441284925,537174845865,2013261465,314232494715,-19598702241
2,256530,39995985,6242934735,22542765,3517372590,549430773420,2062754925,322091455740,-20005307682
2,262905,41053215,6417979485,23166240,3619622235,566194549155,2126259360,332410044255,-21749862013
2,268260,41878140,6545141610,23729280,3705533520,579307686750,2189022000,341940127890,-9058704872
2,272085,42469995,6636955635,24060780,3756318810,587107918980,2217826800,346302874440,-16694943698
2,272850,42584745,6654179865,24255345,3785738670,591560053740,2249638815,351124599570,-11159973792
2,273360,42685215,6673392585,24186495,3777039600,590545907520,2229234225,348159324930,-16705073134
2,286110,44664015,6980949615,25755510,4019099370,627939797040,2422965630,377919730290,-17932763540
2,241485,51923865,11172145935,20369145,4383548940,943979667240,1797125505,387032974350,-13013044782
2,241740,51930750,11163452730,20346705,4373688090,940788791040,1787570655,384463636170,-17999388324
2,246585,52997925,11398373265,20679225,4446704025,956814842085,1809058995,389152923225,-8461921655
2,253215,54324690,11662769760,21213960,4552507605,977619727515,1853000340,397741109025,-15373244929
2,255510,54751815,11740464435,21490635,4606074435,987877789485,1888478235,404820888735,-9586121235
2,263415,56392995,12081395355,22529760,4823308935,1033318414635,2014537740,431258067285,-15629227023
2,279990,59836770,12796856250,24108210,5150284470,1101040061310,2173802070,464193722190,-26474863366
2,284070,60588000,12931635990,24513660,5225472495,1114673791095,2219237970,472754313675,-16272346373
2,289935,61782675,13175074035,25129740,5351341515,1140407311935,2287531050,486736227345,-20409941851
2,295035,62737395,13350670095,25646880,5448907320,1158545399460,2343248550,497335402050,-12396507898
2,259590,69183030,18445783530,27265875,7274350575,614413818471,2958186405,789947658525,-41459261119
2,264945,70500870,18768347820,28008945,7460616090,600836366152,3059677425,815697593460,-22722562098
2,274635,73083000,19456172580,29041950,7735502265,622414162945,3175227870,846369622035,-32231497165
2,280245,74421240,19772060970,29876565,7940992995,612647488511,3291953355,875606018715,-28411918125
2,279225,74060670,19652044200,29956635,7952008485,552684143127,3324631095,883072905765,-27692792501
2,286110,75861225,20123234985,30778755,8167425345,566215380497,3423726645,909071116605,-27501010375
2,291210,77109450,20426692380,31375455,8313568140,597480953956,3496950405,927049875030,-41838025830
2,277440,73326525,19388403525,29988000,7931417745,586827534143,3354822330,887781217095,-28271080059
2,279990,73930110,19529095440,30093570,7950703140,632566230588,3345596940,884272043520,-27216034616
2,281775,74281245,19590338025,30159870,7954770645,703129745945,3336458250,880323008205,-17533750067
2,252195,39386280,6157496730,22155420,3463450035,541980725805,2027004690,317179383345,-16121945421
2,251685,39289890,6139791060,22082235,3450513375,539719403145,2017676025,315586769625,-20479399129
2,252960,39444420,6157139730,22124820,3452417460,539289758490,2014182270,314539297200,-20854644578
2,248880,38823240,6062454660,21708150,3388430565,529449491325,1971845640,308006222445,-25471526699
2,250410,39059625,6098972445,21897870,3417678555,533958698655,1994891010,311561937345,-22245329811
2,249900,38948445,6076691055,21972585,3426451065,534880572105,2011943115,313958395725,-23960623599
2,251175,39154995,6110193975,22100595,3446847240,538138103520,2025398445,316082547000,-22700203812
2,250665,39135105,6116602635,22125075,3455475675,540250845585,2031742335,317472427815,-21335400527
2,247860,38703390,6049963230,21874920,3416890350,534284369610,2010187440,314150926590,-18829983842
2,247860,38767650,6070395870,21916740,3428841690,537028970310,2016842940,315658827270,-12331761538
2,258570,56373615,12296948385,21668880,4726102680,1031324699430,1900657290,414721815300,22138523790
2,257805,56178540,12248237520,21572235,4702518750,1025632617480,1888050345,411735072210,27329677020
2,260865,56836695,12390094785,21819330,4755885660,1037180519430,1908791280,416220718050,15399648416
2,253980,55293435,12044089365,21216255,4621059255,1007025647175,1853295375,403844582475,19878014395
2,255510,55565010,12089821830,21242265,4620853725,1005702065085,1846835205,401869423365,24098888765
2,245565,53365125,11603318805,20517300,4460122890,970075736880,1790205570,389287660890,21093741700
2,249900,54277515,11795249655,20775615,4513126680,980920373820,1804006425,391955623380,18203097536
2,244035,52963500,11501077320,20320695,4410829095,957938612805,1766293455,383453122425,14624244891
2,248880,54002880,11724060540,20646840,4480004220,972605575560,1786515720,387660944490,16844267038
2,243270,52738335,11439411945,20303865,4401693210,954771449310,1766055285,382889963340,18224850556
2,260865,69924315,18750837735,27582075,7393828785,840396140179,3005652615,805776107265,-25397940417
2,267240,71621595,19203051165,28326675,7591691190,897302192120,3091992045,828664614780,2484647106
2,273615,73299240,19644778740,29085555,7791292950,893988707062,3184989015,853124134710,-9101547910
2,266730,71339055,19088559225,28556430,7637221185,845116075671,3151180350,842725553205,-13811912789
2,273360,73044750,19526703540,29247990,7814294205,903250207359,3224798850,861480272805,-32495311533
2,264690,70580685,18828673425,28583715,7621340295,800304203503,3181322625,848218520955,-29951612165
2,274380,73126605,19497891345,29608560,7889626050,874855291544,3294665790,877777096620,-16810797642
2,264945,70476390,18755150040,28455960,7567523055,888085544543,3150179730,837590623815,-14954332313
2,260610,69208530,18387251850,27937800,7416482730,964641595356,3083432460,818285753700,-10377060110
2,262140,69543600,18457519650,28043625,7436806485,963703247885,3088383795,818720400945,-13987445199
3,281775,45392295,7321852995,25697370,4137713130,667053584040,2431674390,391286208600,-20431992446
3,276165,44452620,7163957250,25178700,4051634565,652717261935,2381854020,383089823925,-16540594465
3,285855,45892350,7376707830,26132145,4195819470,674460397680,2482715445,398606081010,-15600770080
3,290700,46619100,7485131790,26718900,4286137920,688336022250,2553471060,409671922800,-21027465774
3,294525,47129355,7551183165,26875980,4302902385,689738639295,2547310770,407980834455,-29909787103
3,295800,47275980,7565310930,26915760,4303900710,689024699730,2544594510,407018032230,-42307941110
3,308040,49157115,7854838185,28227990,4507614600,720700189260,2691071610,429961245660,-42269269668
3,306510,48847290,7794592650,28034445,4470780615,713842273575,2669041905,425884907715,-37913899329
3,312375,49745910,7932358950,28766295,4584140100,731416831500,2759078835,439924901970,-32635809878
3,308550,49079085,7816862565,28423320,4524293895,721038296055,2727860460,434470758735,-26561455421
3,303195,64849560,13880340540,26492715,5665400790,1212360002250,2422066245,517774141650,8764202834
3,306000,65278215,13935950685,26670705,5689208100,1214448316080,2430437385,518319750870,4996268042
3,311100,66194940,14095593180,26960385,5737234545,1221798632685,2442791625,519793499655,-7196107157
3,311865,66109515,14024833485,26925705,5708870640,1211308870830,2431579275,515569040880,-4310495746
3,318750,67452600,14284830210,27675915,5858419725,1240990644645,2518968285,533291760945,-925755355
3,319260,67356975,14221767945,27660105,5837171340,1232714930490,2513890725,530581494720,-1784654046
3,317985,66867885,14072559285,27445905,5772829485,1215125216385,2484458625,522627067305,23296918721
3,308295,64677945,13579896225,26381025,5535387765,1162335197475,2365795395,496407567975,13621063385
3,298350,62413290,13066991010,25416870,5317373475,1113259566195,2269055280,474632113275,15088355687
3,301410,62910285,13141222785,25955175,5416533285,1131216670275,2344856325,489150232785,9542206023
3,324105,84457020,22021207380,35670675,9286815675,993330031873,4051221465,1053606416595,5794354969
3,325125,84554685,22003192395,35719125,9282188955,1030614367283,4046617695,1050571933425,16372778581
3,328185,85166940,22114731690,36170985,9380941020,1021359724696,4112052735,1065614230170,10079218158
3,334305,86488605,22389075735,36841635,9528419760,1091448072280,4186820265,1082342056770,20525486110
3,339405,87427260,22534042470,37456950,9647071770,1171864251624,4260159540,1096890682440,16571591922
3,332520,85438260,21965517420,36690165,9428013255,1161348323721,4174424205,1072604295525,-8100260333
3,320025,81911100,20978288490,35683935,9132357585,1221914246875,4083492225,1044874275135,-1080064807
3,342210,87183735,22224798615,37469445,9548529060,1339505682300,4233093075,1078870080300,4714001604
3,344250,87372690,22188392520,37632135,9555217455,1353771155975,4251547935,1079830384035,-17360505969
3,340170,85959480,21733777500,37315935,9432780225,1363492628597,4235607375,1070927661855,-33414224213
3,267750,42430980,6731629740,24455010,3872730135,613941317805,2317093200,366644403195,-3074239207
3,268515,42484530,6729400020,24590925,3888423345,615506206395,2337809655,369393883065,-7614491085
3,269025,42497280,6720933000,24624330,3888298395,614653041675,2336933730,368823270075,-14037537385
3,273360,43124580,6811067850,24980820,3940230165,622174776675,2369949090,373691996805,-11628627521
3,276420,43563435,6873371235,25215420,3974355030,627100996980,2388937920,376517873400,-18058925390
3,276930,43563945,6861238335,25179465,3961819230,624074626890,2375561895,373801534860,-15229241268
3,281520,44169060,6938450040,25596390,4017568860,631332469530,2415696600,379264276440,-12500083282
3,280245,43945680,6899735430,25377600,3980991405,625239283035,2384310180,374095336425,-11681675629
3,282285,44224395,6937011075,25569870,4007560875,628845265065,2404672440,376969453665,-10402165537
3,292995,45865830,7189006410,26753325,4190475690,657160366890,2540070045,398043353130,-15971638898
3,294780,62571900,13291620000,25496430,5410858005,1149115254405,2304296790,488833112235,-1940556057
3,292485,61940775,13127250315,25164675,5329076445,1129351391175,2259150825,478314446385,1941058335
3,295035,62286300,13159134750,25341900,5349849255,1130183797365,2275469040,480265578885,-227405077
3,299625,63103575,13299862875,25790955,5432498835,1145074259715,2321127045,488912311155,-21068462893
3,303450,63769890,13411044660,26204565,5507563185,1158355237035,2370683745,498262062615,5552756153
3,302175,63376425,13301779455,26001840,5454263085,1144884268395,2345642490,492039095655,5427195525
3,300135,62854695,13172834115,25727970,5388686775,1129433422125,2310571320,483934813155,17279669145
3,295800,61851015,12942547695,25313085,5293552140,1107777806970,2269015755,474476187150,16275927168
3,290190,60557910,12646990200,24792375,5173789350,1080457391550,2216407215,462442693290,11393336978
3,287640,59926530,12494828640,24518505,5108477730,1065153196290,2183267925,454819346910,6289167366
3,312885,82106430,21558746520,34143735,8950478835,956141487741,3837818595,1004840392545,-15388107953
3,309060,80961990,21221205570,33848445,8857990590,923629047410,3818619645,998146119540,-31797451032
3,314670,82212000,21491712120,34434690,8988791820,1007827194228,3878542350,1011435465960,-26031520216
3,320025,83363070,21728116500,35121150,9142401780,1045588903654,3966392400,1031650640940,12411662138
3,314415,81726735,21255433965,34455345,8951921370,1030087962898,3891507825,1010430965880,6428083940
3,311100,80666190,20927636820,34076160,8833689855,1007075503201,3848266710,997208210415,24934880461
3,315690,81489585,21046930665,34510170,8906981700,1127659528632,3885881250,1002672715320,3165221068
3,320535,82405545,21197344965,35051535,9011024250,1188283441312,3950022675,1015312265640,7180848854
3,312885,80194440,20565506220,34077690,8734583850,1213505497456,3826507560,980691877500,-8229713078
3,315690,80549655,20563392015,34226610,8733923400,1263494366370,3829660890,977246515890,-6482061192
4,255765,39379140,6069591600,22566225,3476542755,536145965235,2065529325,318382773735,10395677095
4,255510,39399285,6081939975,22634820,3492223470,539359106250,2079111390,320927236410,13467125978
4,261630,40469265,6266850675,23312610,3607678290,558893352690,2153891160,333442289100,-810723076
4,265200,41096565,6375805035,23756565,3682389210,571417237050,2207050755,342160377510,1962400062
4,271320,42200970,6572282790,24190320,3762431925,585918436545,2231862000,347101887105,-13854267647
4,274380,42789255,6681619905,24454500,3813623175,595485808065,2254380030,351555839505,-7446253757
4,273870,42803535,6698532015,24222960,3786053850,592516376670,2215146750,346256814300,-11097741140
4,271575,42578625,6683809335,23964900,3758000790,589999866330,2190707040,343584492330,-9934069238
4,280500,44005350,6912090180,24811500,3892563015,611408105985,2276727210,357168838305,-14480665169
4,295035,46267710,7265181030,26246895,4114792200,645893259720,2427265185,380382851790,-5838031582
4,264690,57197010,12367249590,22109010,4777120020,1032796256490,1922995290,415442269860,-7337061450
4,272595,58904235,12736451085,22850805,4936687035,1067164899195,1994758665,430832515125,-9946687595
4,279735,60446730,13069989300,23512020,5078493045,1097602568745,2059079610,444553870815,11556290003
4,272340,58962120,12773357490,22615950,4895303085,1060240657245,1955183940,423092542965,8318627433
4,272085,58890975,12754563735,22647825,4900549965,1061023473075,1963306965,424681680015,2633722385
4,284070,61440465,13297247595,23636970,5110464690,1105595402220,2052105870,443494448070,-4327662520
4,293505,63365715,13689608955,24579705,5303063895,1144891776105,2148987765,463322899485,-1339449533
4,303450,65431470,14118421800,25516575,5497691115,1185299697285,2243730975,483029091915,-1992173987
4,310590,66877320,14410320300,26355015,5669664135,1220521272405,2342015115,503345892555,-10047965391
4,314670,67703520,14577456990,27019545,5807447010,1249106596710,2427944505,521276898660,-19099443460
4,256785,68799765,18440332905,26517960,7105505895,921072037811,2814340140,754129777125,-39243165995
4,254490,68127585,18245037585,26300700,7041431790,923821511056,2793060900,747806882040,-39039147202
4,256020,68481780,18325137930,26386125,7058904645,952835085427,2794291785,747591687285,-35279011249
4,256530,68590155,18346715265,26427945,7067560875,954481781077,2797548135,748232269215,-32244549779
4,255510,68305320,18267221310,26400150,7059225435,926230769671,2803748460,749821597515,-30540684753
4,260865,69662175,18610641795,27073350,7231060245,940000302249,2885688120,770833178295,-39054663749
4,256020,68367030,18264009840,26499855,7077894750,941998276984,2816703225,752409266370,-38124715852
4,267750,71371440,19033060770,27849825,7424273490,996466443236,2973508335,792714153270,-46646017820
4,275400,73381350,19561218810,28787715,7670734815,966754034719,3090720105,823525438365,-46199500171
4,293760,78101655,20774328015,30827460,8195154555,1054286239193,3322513830,883148286315,-22580512255
4,254235,39473235,6135114615,22611615,3511897740,545991434400,2084591085,323844859200,-1103843740
4,262395,40886955,6378159195,23307765,3632316135,566671958625,2145079635,334312922595,-19007920483
4,265200,41407665,6472735635,23497230,3668957850,573528120420,2155281930,336544857270,-1516899384
4,265455,41514510,6500141760,23420475,3663103050,573590077260,2136681465,334224855540,-4968912862
4,274125,42912930,6726009030,24276000,3799674420,595429141200,2227135320,348516153570,-6311922654
4,275145,43159260,6778214670,24249225,3803500695,597284998305,2214554895,347319791745,-17129631581
4,283305,44461545,6986333175,25089450,3936261600,618291610920,2308048860,361957447350,-7455730518
4,283815,44592870,7014965850,25148355,3949779915,621078653055,2315840895,363543223755,-11597874345
4,284325,44707875,7038652035,25176915,3957763200,622893295020,2315460945,363843533940,-10114888464
4,285345,44872860,7065378330,25469145,4003394430,630027339240,2360972835,370902942720,-17963112206
4,243015,52845180,11497586880,19818600,4309932735,937747528695,1683392190,366070406355,1367033907
4,240465,52294380,11378477910,19618170,4266779595,928446331275,1667049240,362559534735,2278180703
4,239445,52069725,11329003065,19581195,4258571655,926625184515,1667003595,362541804585,9643139921
4,241995,52630725,11452445505,19863225,4320364785,940168431375,1698172245,369354010245,8688202059
4,241995,52646025,11459145375,19845885,4318135575,940022095035,1694977095,368817552975,8285604763
4,244545,53204730,11581750140,20140665,4382282610,953998941090,1726436445,375647055540,2128904816
4,251175,54623040,11885322030,20789640,4520897550,983619155100,1791882450,389615035500,3713860702
4,261885,56944560,12389245380,21716820,4721147775,1026926088915,1876222170,407782646415,555974979
4,267750,58206045,12660870615,22273995,4840523220,1052526413820,1930636875,419404038090,1993648846
4,268770,58466400,12725937690,22320150,4853893125,1056165143715,1931736690,419940248265,-828670797
4,260355,69993930,18824560530,26884905,7228341435,896195699711,2848887285,766000223985,-42217389491
4,264180,70990470,19084113810,27382410,7358498790,887291763466,2912733930,782745751920,-48841349820
4,276420,74155275,19901793495,28792305,7723755435,913138115925,3079237455,825980260635,-42309290791
4,284580,76275600,20452520310,29747535,7972349070,913387214700,3194568345,856045182660,-32307807818
4,295035,78974010,21148225080,31071240,8315079525,873204345525,3367160760,900865309425,-35211671987
4,303960,81252435,21729220905,32152695,8591877180,870968283148,3501613335,935357048790,-16009750486
4,311865,83234550,22224398520,33085995,8826701835,848266473609,3617757165,964690406925,-17532948297
4,320790,85439025,22766083035,34379355,9150792555,804679648705,3800313705,1010836004565,-23425044249
4,325125,86437860,22991329890,35095905,9323631555,734350721099,3908323545,1037421613005,-33062842423
4,339405,90045345,23901872415,36863820,9771215970,748815590466,4130908710,1093840857450,-40372620418
5,526320,102956760,20195924520,57316860,11223788025,2203567317045,6749221680,1324274228595,-27473521201
5,547995,106900335,20911751085,60356205,11783068305,2306368457685,7172009385,1402600403955,-20695145941
5,552330,107703585,21059196165,61545525,12007623855,2348643978975,7394047065,1444762698105,-2782293103
5,524025,102308550,20026697340,57944925,11319476010,2216609412150,6922363875,1354220376210,-11916472938
5,524535,102248880,19983868560,58127250,11336329980,2216236438950,6982850130,1363735695090,-27930429920
5,510000,99458160,19443861690,55376820,10806927285,2113745540235,6519219840,1274063601495,-53069752083
5,544170,105960405,20684342595,60083610,11704569615,2285381024895,7200098400,1404407641995,-29050492157
5,541110,105410115,20582800065,59256135,11548302555,2255501591145,7035516045,1372746736425,2794095175
5,493425,97096605,19125231795,53820810,10590756390,2085819031380,6366386610,1252908167820,-7494544174
5,530145,103969620,20409039750,59370630,11643514965,2285396111715,7233175980,1418868179445,1186902519
5,561510,135198450,32624357280,63403965,15256570950,2240205577480,7472298405,1797665179860,-5037817918
5,569670,136752420,32902779030,64504035,15474730590,2341989841374,7617596385,1827134473140,-8701069712
5,569160,136382925,32753860815,65044380,15575628990,2204583413658,7787183370,1864394727870,-20330037542
5,562020,134356695,32191346115,64077675,15310238250,2197127363358,7677432645,1834361401620,-5276724688
5,570690,136255170,32602894440,65233335,15566854185,2202186428451,7842796065,1871545124985,-26981625381
5,560490,133583535,31907232255,63656925,15162718965,2120409228191,7610914875,1812674227665,-35932173677
5,556410,132838425,31767283665,64551975,15410936985,1795000534735,7991365695,1886721340585,-16074875793
5,537030,127865670,30490936500,61253550,14582168115,1947371658409,7395371790,1760642047845,-14888071781
5,604860,142836210,33786190320,72204015,17039454960,1772503537560,9210052005,2163873706708,23747057192
5,685695,160036725,37432962405,83705535,19518369375,2215720908219,10865300865,2532611939385,36748769349
5,491895,96739095,19047199245,53487270,10519646325,2071030181685,6346260480,1248192953385,-18251967811
5,507450,99278385,19447280985,55456380,10845293820,2123343660420,6592190640,1288859760510,-2786852494
5,502350,98203815,19221417285,54301995,10614456855,2077097453295,6388002705,1248712081365,-2882078107
5,504135,98275725,19181900955,54069945,10538667795,2056388286195,6294822645,1226935763235,-7554106121
5,475320,92282970,17940336810,48669555,9439188885,1832912431185,5319235995,1030434118305,-14299252875
5,530655,102733635,19915439055,56570985,10945356075,2120259989535,6536768685,1264208599155,-16473889565
5,555135,107058690,20673769530,59560350,11477193255,2214321890535,6919798830,1332691834695,-27934820485
5,545700,104826165,20162466225,57261015,10986161940,2110341020190,6450150795,1236086880660,-15135008506
5,565335,108117450,20702921130,60252165,11506339755,2199958586115,6900037605,1315979542185,-12349217883
5,602055,114642135,21857312505,65939430,12536307705,2386230216015,7792568460,1479613261995,-40277347879
5,529380,125443680,29793566070,58800450,13937619405,2009410866267,6915159870,1640153369235,10028496977
5,547485,128699520,30338619390,60905220,14319042795,2155753700881,7154618640,1683158048745,5373955823
5,566865,132171855,30901456155,64519335,15044034570,2314363374740,7744469085,1806521992860,25899470846
5,631635,146565330,34096603350,75354795,17487047280,2053328251046,9604161135,2220916112758,42305115952
5,569670,133108980,31135308750,67999065,15870572700,1981282240998,8676310485,2022181240560,-2013737230
5,593385,137821125,32043590445,72091815,16719150735,1879716070139,9416757555,2098482117161,9365415029
5,620160,143384970,33187293750,75784980,17489599830,1931511904714,9983455020,2195933438376,46693983860
5,628065,144377430,33225291300,76512495,17553421485,1999748206177,10056861105,2177481554731,11112510467
5,637755,145447920,33206627340,78223545,17796823575,2021560347727,10387285515,2224074294359,-2644635569
5,657900,149086770,33820253730,81677265,18455146110,2129821321924,11001787065,2383910713298,62721692812
6,245820,38939775,6174254055,21531690,3408873915,540184067715,1961029050,310282639575,-14775800549
6,249390,39505110,6263830710,21760170,3444948255,545882540475,1974241620,312350393265,-13248965939
6,248115,39296010,6229755570,21718350,3437900055,544715570715,1976456040,312671844225,-16926461711
6,251430,39841200,6319424280,22013130,3486534930,552737751120,2002314060,316957912020,-7069316514
6,248625,39375315,6242298765,21834630,3456470175,547700281965,1993188630,315353924535,-1954629723
6,251940,39894750,6323741940,22053165,3490737075,553078101915,2005782825,317324023425,-2624174115
6,251430,39799890,6306460590,22018485,3484206270,551876953230,2002789125,316775671680,-2681806132
6,253470,40060500,6337988790,22186530,3505732605,554492829165,2017315710,318650729775,-8267974397
6,249645,39391890,6221823540,21817800,3442450020,543669114210,1980273900,312400954920,-4628990786
6,250410,39459975,6224379915,21984570,3464405265,546457681245,2006157930,316109491575,-14289372661
6,260355,57768975,12824835615,21680610,4806905040,1066305006300,1885196130,417615725640,26167298156
6,260865,57835020,12829141800,21694635,4806277485,1065345759285,1884999015,417261792015,30087444811
6,260355,57689670,12789639750,21678570,4800244440,1063452429930,1886840880,417475263480,33727631266
6,264945,58710945,13017193335,22017210,4875581385,1080236554155,1912645860,423205430955,28092213333
6,258570,57230415,12673539525,21507465,4757939175,1053085657635,1870314585,413509779135,22268024559
6,258315,57133770,12643197330,21546990,4763489250,1053604975590,1878084180,414961234800,18057308692
6,256020,56553135,12498394305,21232575,4688404500,1035752657640,1839978765,406101073140,9858028204
6,257040,56686755,12507734955,21385065,4714688625,1039931495385,1859222085,409736080545,7509421693
6,252450,55595355,12249163935,20945190,4611781590,1015901149380,1816843890,399933614070,-2985817292
6,252195,55495905,12217763745,20878380,4594049145,1011331834725,1806068100,397355289435,2349937747
6,284325,78181470,21505378590,30033135,8254271715,435436117163,3270340065,898330147875,-24244997969
6,284325,78183510,21506645430,29976015,8238554535,452598766963,3257249895,894702369975,-19211811049
6,284580,78264090,21531765480,29991060,8243626230,462847784850,3257611740,894884019990,-19049588226
6,286620,78834270,21691198620,30231780,8310674655,460057409605,3287558430,903195612645,-21629067529
6,284580,78265875,21532785735,29981370,8241170835,462236967285,3255478410,894321713115,-15569231911
6,283305,77895105,21425007435,29924250,8223771930,444075080352,3259679790,895331925450,-16670711096
6,284070,78105225,21482942925,29962245,8234023185,459744468765,3257296305,894637529595,-14736606429
6,281265,77279280,21240418800,29669760,8148033105,460301754441,3228534090,886146716565,-26420959575
6,278205,76398765,20987426415,29251560,8029618755,482620171219,3171631350,870207332625,-20495828259
6,276420,75860205,20825998665,29141655,7994756430,471737339104,3168205425,868804085220,-15434406578
6,243525,38647035,6139013055,21797145,3456599460,548651866230,2025282165,320900353800,-17722716618
6,244290,38719965,6143100705,21920055,3472151655,550515479925,2037792975,322552552605,-20717845433
6,243525,38541465,6105652425,21869055,3459506715,547782049245,2032830165,321389684775,-7442099123
6,242505,38310180,6057993690,21798165,3442554825,544191076515,2028699165,320250096405,-15716330905
6,242505,38240055,6036160335,21616860,3408201735,537887670315,1994605920,314384004495,-11121697321
6,244800,38523870,6068937780,21738240,3420904305,538901864475,2000506110,314763825465,-10155218245
6,240975,37868010,5957045820,21272355,3343395525,526022931885,1948417005,306216873675,-3667755777
6,250665,39233280,6147915360,21890730,3426079785,536827025865,1981615710,310066629075,-10109192041
6,258315,40372365,6317574255,22578720,3528923070,552206756970,2046743730,319846182270,-1153642106
6,262905,41055510,6419116530,22797000,3560656290,556799594610,2052843840,320641434960,-13116609112
6,246840,54940260,12233962620,20566770,4574594685,1017975016695,1787514300,397294778955,29069169813
6,253470,56352960,12534559170,21287910,4729142790,1051068084120,1868329920,414691604940,22583097570
6,244035,54208410,12047456130,20388015,4524889830,1004744440890,1779926265,394636423080,25306524384
6,242505,53802705,11942927805,20282445,4495759650,997035717450,1771592355,392263041690,20332534822
6,238170,52749810,11689204590,19930035,4409875395,976292762085,1741161165,384830742585,5587579967
6,239190,52855635,11686590075,20218695,4463281575,985854117135,1782343155,392977378035,-529566701
6,235620,51964155,11467136055,19872660,4378977300,965520083850,1745907990,384294273840,5935932514
6,238170,52373940,11524323630,20229150,4444886385,977306824155,1787078250,392265883155,9694427141
6,232815,51032130,11193012330,19715580,4318400265,946503379035,1737413430,380175497775,9749026125
6,233580,51016830,11149416510,19771170,4316036925,942782663835,1743750180,380368210455,3323711105
6,254235,69674415,19101116955,26967270,7386939195,323354292609,2950651410,807762376215,-26877728791
6,248625,67958265,18582349035,26460330,7228050225,343137812275,2906463480,793328884575,-16372533267
6,246075,67132830,18322497660,26248935,7156071885,362650908515,2886331995,786187863045,-25069155989
6,246075,66953820,18225557370,26266275,7142469675,396982699905,2887319865,784522125525,-41715454277
6,248370,67357485,18276524475,26741850,7247460060,389010508418,2964136830,802616555520,-46440972962
6,248880,67305975,18211543845,26807130,7245753345,426294569193,2972977170,802955686905,-49049419111
6,253725,68322405,18407146695,27334725,7357471395,491104101853,3034222815,816150009615,-51819802971
6,258060,69240150,18587144820,27648375,7417560105,578021945311,3053182575,818835212655,-51955270207
6,265710,70985370,18973415760,28312395,7563731715,711766173175,3109368255,830483360205,-44058287919
6,279735,74397270,19795789230,29715150,7903487850,801784258422,3254957190,865602369990,-51698919130
7,247860,39551775,6319170045,21984825,3505925130,559762808340,2012978925,320820301650,-5982731140
7,258315,41213100,6583647120,23009925,3667718805,585343011195,2116813395,337126905225,-9602708933
7,262395,41887320,6695294280,23294250,3714796140,593158532460,2135719350,340269291900,-18023300952
7,270555,43201845,6907487175,23945265,3819392550,610001708820,2191617135,349218236910,-29315742964
7,269280,42977190,6868154700,23728260,3783015780,603911378070,2159818890,343999008600,-22352845618
7,276675,44078025,7031552835,24369075,3877724565,617857527735,2218633875,352656606165,-24392904309
7,283050,44992965,7161221355,25114440,3986721255,633670008885,2306872290,365747736495,-29030230975
7,287130,45481545,7212969015,25886580,4094494710,648393847860,2421718170,382547868090,-21950807556
7,285090,45064620,7132107750,25761375,4065478260,642355616160,2413801695,380360445960,-28835408368
7,282285,44493930,7021849320,25677990,4040841690,636670262130,2418347070,380023948470,-970034686
7,242505,53909805,11991669015,19924680,4427350035,984363476895,1697545200,377029774425,9700231749
7,238170,52909440,11761209960,19568445,4344929700,965330707590,1665079875,369514903260,17321173630
7,226185,50269425,11179561335,18282735,4062580440,903309867690,1529775855,339853515420,24241233566
7,220830,49052565,10903264755,17832150,3960422850,880164690690,1489269870,330693175920,23994448108
7,237660,52613895,11655998745,19591140,4334309715,959578169985,1671118530,369454327755,31088902677
7,223125,49414920,10951145340,18153450,4019405880,890529535950,1529155950,338481838290,22971183760
7,230010,50875305,11260756395,18754740,4146921690,917557959540,1581645150,349599784230,14266757700
7,250920,55282980,12188669010,20624400,4540195695,1000169339775,1757120340,386484630765,13476488457
7,259590,57126885,12580760835,21352425,4694839425,1033012911885,1821521865,400155545925,11676066401
7,267495,58722420,12900190410,22123545,4852115010,1064901050250,1900928865,416533652010,17791141314
7,274635,74339640,20132354550,28927200,7825987740,739572442884,3128030430,845784885360,-26250871452
7,271575,73321680,19805246160,28377930,7657792545,847655946811,3043610640,820881047565,-36039759265
7,275910,74252685,19992142035,28734930,7728758790,950174712712,3071948790,825780609660,-14638748226
7,292740,78539745,21081175635,30779265,8253556185,942913651429,3326387025,891521789145,-43867521303
7,302175,80735295,21580270815,32097615,8571228045,936903305745,3508977735,936546132405,-34191812027
7,297585,79074735,21021099675,31869135,8461897815,959312407665,3520496595,934087884465,14614044803
7,292740,77378985,20463161205,31449915,8304783900,970019996400,3488741445,920346360570,14182969750
7,291465,76685640,20187079080,31486635,8275740930,1003846066692,3507243735,920881687170,283387900
7,295290,77304525,20249577285,32025450,8375517330,1070819578824,3579392160,935170053720,9562308182
7,290700,75728115,19739326365,31705170,8250136890,1052995002840,3564733740,926561499030,-6312376860
7,239190,37534725,5896854855,21006390,3295175280,517476675990,1904190060,298595669550,-15111670212
7,243270,38150805,5990206275,21526845,3374273985,529531561545,1966979985,308177570205,-14045369183
7,224400,35255280,5545353930,19629645,3083861625,485024045655,1771020135,278230194765,-8936499725
7,223635,35130840,5525220150,19623270,3082314795,484703067975,1775807250,278914813155,-10097714413
7,219045,34437240,5420179530,19178040,3014080875,474216021615,1732731120,272244078945,-2622815275
7,234090,36756975,5778256395,20571615,3228268125,507168436905,1868031315,292996910715,658602779
7,256020,40106145,6291220005,22658535,3544825125,555312708225,2071976745,323763088605,-7202457471
7,262395,41156235,6464213535,23111160,3620208225,567856305105,2104166670,329201091615,-14353939061
7,262905,41221260,6472361040,22959945,3595427835,563829839295,2069472135,323700771195,-11887253733
7,253980,39893475,6274019235,22080450,3465632070,544609421610,1983086550,311051783070,-4925045674
7,228735,50381625,11104940685,18797580,4137259230,911220923430,1598933130,351638314920,10340792220
7,213435,47080395,10392286065,17266305,3807778575,840295224195,1444523235,318466150575,23335258303
7,225930,49622490,10907192520,18529575,4066236375,892992066615,1570684995,344365298505,7565214545
7,211140,46425300,10214772660,17071995,3752244675,825239987985,1427204655,313544887725,25890282623
7,233580,51170595,11218526865,19099500,4180024515,915515736195,1616379210,353395717035,25363347903
7,242505,53049180,11613493050,19886175,4345652625,950350247325,1688071185,368507921775,16798236055
7,242760,53108595,11626816545,19767345,4321303440,945331246290,1666245225,363991093770,19934988724
7,270810,58985325,12857453685,22502985,4895168955,1065675618105,1942274055,421997468925,10248513299
7,276420,60040260,13050806670,22940820,4976718975,1080432081525,1976211240,428222815035,17908617929
7,279480,60446730,13082564880,23449800,5064562905,1094560722705,2047497510,441643654755,19868948215
7,261120,70559775,19076230485,27339060,7382912235,852289459519,2933571510,791697609795,-48182129697
7,266475,71832225,19373554365,27741450,7472964465,953258020493,2958518670,796388295525,-42654310499
7,274125,73691175,19819997655,28485795,7652665515,1069084488475,3032625495,814169318535,-22089641653
7,289425,77539125,20783182635,30338625,8122813095,1067718384597,3265704165,873818637015,-47734752955
7,297330,79265475,21140828295,31566195,8409234960,1012850619284,3445982025,917407082670,-23133498286
7,297840,79016595,20972787885,31770705,8420779065,1043258475773,3492026865,924745038405,8702206833
7,296055,78199830,20666120040,31734240,8373077235,1059332517317,3503605140,923454679245,-2685780961
7,293760,77292795,20347844085,31555230,8294052990,1081736809934,3489137460,916188896160,7989411176
7,292485,76569615,20056577985,31668450,8280857505,1105775046413,3528050970,921497784255,16452312899
7,292485,76262595,19896230925,31838790,8293222200,1135006829896,3564681720,927605968830,2215478878
8,199665,31412430,4945570470,18201135,2864623335,451171255455,1708889385,269037961905,-15682308167
8,198390,31216335,4915218075,18189405,2862788865,450868462845,1717935255,270441613995,-13868260657
8,201705,31750560,5001362940,18497445,2912025285,458744826855,1748587275,275303030895,-15256924027
8,207315,32682330,5155905690,18972000,2990625720,471748854030,1791012900,282304309620,-16179212886
8,218025,34467585,5453323155,19892805,3143809065,497223873975,1872675375,295854154095,-22939077771
8,218025,34516545,5469057675,19694415,3116826750,493671821130,1833201885,290024247960,-10404423284
8,189210,41173575,8963110005,16158840,3516389310,765498596400,1424791590,310045235850,820376916
8,191505,41641245,9057911865,16300875,3544187625,770864540745,1434468585,311848102935,155619635
8,196350,42684450,9282616590,16709895,3631746720,789611972190,1471031505,319637511180,1717973394
8,202725,44056605,9578360745,17252790,3748344960,814686774990,1518385770,329791455630,-144315064
8,207825,45150045,9813179535,17780895,3861672315,839039164575,1571288325,341142838515,-5438237013
8,214200,46489815,10094824995,18511725,4016043450,871656445860,1651321605,358093455810,-9265358940
8,226185,49036500,10636006140,19505460,4226401875,916183679115,1741650000,377167389255,-19469052025
8,235110,50891625,11021185425,20229660,4375834680,946968625260,1805581050,390290950230,-6625602798
8,238425,51537285,11145630525,20597880,4448888100,961369249440,1846710510,398558001270,-1070063022
8,237660,51300390,11079386880,20530815,4427639715,955361719995,1842667995,397013534865,5954190805
8,207570,55988310,15105771090,22021035,5940317310,584937136638,2393556735,645708401550,-29318046434
8,203490,54838770,14782531560,21468450,5786201175,619312799511,2319466230,625175745195,-41802809413
8,199410,53710395,14470647435,21005625,5658559650,627077200936,2263717365,609846053760,-42197392882
8,199410,53670105,14448923985,21120375,5684874120,611453133926,2289867615,616350200550,-50211143108
8,203490,54671490,14692626720,21577335,5797987020,626375920838,2342490945,629483297250,-50378848952
8,201705,54129615,14530253175,21587280,5793499275,597475752617,2365578390,634849955595,-48294645495
8,203490,54519765,14611182525,21825960,5848264350,605394373186,2396411970,642139884630,-47318379154
8,205275,54904815,14689268115,22135275,5920652730,596201164180,2444805105,653905556070,-17432863796
8,202725,54128340,14456288130,21766035,5811278640,650002689060,2392886085,638807555850,-42281077686
8,209100,55769265,14878324095,22370130,5965962660,693856402036,2451778590,653804554140,-39843874508
8,196350,30539820,4753909920,17603160,2739299760,426604279290,1624586640,252911736660,-293798754
8,195330,30385290,4730584560,17541195,2730101655,425249786865,1619691405,252203007765,-2747132821
8,197625,30774165,4796326365,17762790,2767395915,431517191145,1640071770,255627078915,-8002591411
8,199410,31101330,4855230600,17983620,2805585735,438084787545,1664943450,259798794255,3658080049
8,204255,31880100,4980349920,18482910,2885128140,450755605710,1719471630,268420376640,5471427062
8,200175,31297170,4897501950,18024930,2818217160,441000422610,1668144210,260804200350,-7230979988
8,203745,31871175,4989787215,18348780,2870013780,449286155460,1699808580,265841483610,8402090374
8,210885,32981700,5162542830,19052835,2978971965,466150772985,1772808705,277094603265,-443018787
8,191250,41699895,9096681555,16097640,3510362385,765864937815,1393677510,303923826465,7243392163
8,191250,41665980,9081858150,16079280,3503278485,763644688005,1390390560,302928056565,8013824493
8,192270,41874825,9124507155,16142265,3515724270,766082936550,1394191845,303634036050,15316166390
8,199155,43334445,9433880805,16747890,3643817400,793166242260,1450799040,315601090170,14524568026
8,199920,43481325,9461302995,16782060,3649730340,794096320590,1452293850,315804448590,4215098560
8,207315,45022290,9781999920,17573325,3815571630,828826027230,1537312125,333702925110,-5062932734
8,217515,47149755,10225147845,18512490,4011423615,869615893785,1629326070,352913077005,-6297149477
8,224910,48660375,10532613075,19335375,4181340315,904622494725,1722311565,372266134215,-4198536623
8,224910,48576225,10496502525,19267800,4158987015,898144184025,1709932590,368858177025,5782640947
8,218790,47131905,10157914545,18841950,4056241140,873619059480,1682129430,361868774160,5992420668
8,199155,54147975,14725851435,21034695,5719692330,516274352788,2273144715,618156660840,-12340480846
8,192525,52286220,14203331190,20334975,5523159495,512642813395,2197082805,596791474875,-1710099117
8,192270,52147755,14147138625,20129190,5460257625,579572390055,2154880560,584595291525,-7292201301
8,189975,51496995,13963078095,19895355,5393810745,577923083209,2128802985,577185071595,-19766093445
8,194055,52520820,14218593960,20411985,5525413695,581270673477,2194442535,594084360705,-20469938061
8,194310,52530510,14205375780,20574930,5562925215,572484854003,2226156120,601917251805,-16225019807
8,201705,54481260,14720134080,21579120,5829226560,540052723604,2360396790,637637688780,-38277229756
8,206295,55641000,15012244740,22123035,5967345525,575036459459,2424158265,653878883835,-20889236143
8,211140,56866785,15321396285,22578975,6082043250,603778162004,2467167585,664616806080,-7719650326
8,210885,56726790,15264658020,22428270,6033860745,648901981033,2436264390,655469524365,-28929334631
9,293760,46238130,7287462930,25678755,4038709125,636009024435,2333910195,366785156565,454386363
9,299880,47173980,7430755080,26394540,4148120190,652753382430,2417560140,379550294130,-7998527238
9,305745,48033075,7555932285,27210285,4269869940,670882353450,2524442115,395658278970,-9771235528
9,308040,48351060,7599370770,27542040,4317717375,677748985545,2568140190,402058911315,-15247248547
9,310335,48657315,7639220385,28005375,4385382645,687606679155,2635545615,412129314195,-9880563011
9,309060,48451020,7605744240,27911280,4371655230,685598782890,2625795180,410863069620,-1964681612
9,310080,48565005,7616522835,27994665,4382246655,686875657905,2633120055,411936893235,52352797
9,307530,48125640,7541313390,27677190,4330317945,678381984285,2596068300,406048313895,3264214951
9,321300,50201595,7855003425,28895580,4514798715,706388024835,2707449240,422986649625,5279331705
9,330990,51651780,8072595180,29850810,4658885955,728182561695,2804986740,437803510815,3197971199
9,320280,67922565,14417046435,27458655,5815648320,1232841517080,2468453805,522034028340,-7476759860
9,327420,69252900,14659854120,28231815,5965633965,1261654069845,2552633385,538770665955,12508884519
9,330480,69700680,14712151560,28488600,6004675485,1266654938595,2578453410,543016301715,14764178321
9,337365,70874445,14901635685,29057760,6102381540,1282601672400,2628129450,551635950690,14922930278
9,348075,72780060,15231335130,29943630,6259147380,1309518852240,2704620270,565098042780,19296286080
9,354195,73803120,15392707800,30234585,6298871025,1313494783425,2709624645,564322633425,15320276989
9,362355,75339750,15678855030,30856020,6415758435,1335207817185,2768999610,575678789655,19304356709
9,367200,76132290,15799583250,31139070,6456913905,1340115198345,2786223330,577753715985,17872220581
9,375615,77648775,16066688355,31910445,6598090320,1365475624350,2871285465,593772518910,15108305996
9,372555,76811355,15851821785,31521315,6500417670,1341755358090,2825191665,582709362780,27652232180
9,299625,79150980,20919378900,30885855,8158293540,1305597633402,3276198945,865257638550,-22263460636
9,310080,81634170,21501953430,32140200,8460664125,1300533596289,3433019100,903583389615,-25064220369
9,327930,86023485,22576149855,34614465,9077163090,1204593462896,3778339335,990419394630,-25222019444
9,343485,89753370,23463845910,36668490,9577373895,1175521553421,4051494570,1057656812115,-12640964863
9,341190,88775700,23111243640,36476220,9484945065,1230768273207,4039422360,1049589596925,-5139775449
9,343485,88948335,23047740735,36966585,9565100490,1278225867276,4122228765,1065600284220,-21725176782
9,347565,89604450,23116692480,37696650,9708308490,1338189048434,4233283560,1088881999440,-32712996036
9,340680,87447915,22462920165,37095360,9512423610,1436168712096,4177718040,1070016890340,-36918576526
9,344505,88090515,22540443225,37783350,9654827340,1378014964516,4286767260,1094458146150,-15197872334
9,347055,88347045,22504958955,38015655,9673808010,1389695234930,4307360295,1095482136390,-30609270170
9,262140,40674030,6318852570,22954845,3563268510,553783963590,2081444895,323252618640,-5605006308
9,260865,40465950,6285000300,22903590,3553896240,552111044250,2081786340,323129303700,-9115044578
9,256785,39810345,6179720235,22499160,3488622360,541584910980,2039422170,316278425760,-3596774704
9,258570,40103085,6227758155,22579230,3501635010,543707901240,2039608320,316293009720,-2633376034
9,267240,41449485,6437249835,23369220,3623767260,562625337870,2116198590,328086988710,-66122392
9,277440,43054965,6690374055,24343575,3776652765,586652456595,2214647205,343488986925,-5032100565
9,282795,43881675,6818247375,24732450,3836475255,595874723355,2245000620,348142394715,-7266652217
9,293250,45488940,7065930150,25777695,3996474495,620419700925,2353560495,364697501145,-11873425177
9,298605,46290660,7186166730,26174730,4055054880,629073105780,2384937480,369245616630,-18410533422
9,300645,46553055,7218545355,26334615,4074466500,631256531550,2398219155,370754478150,-10454501580
9,261885,57039165,12430358265,21390420,4659928650,1015725953670,1825730640,397805744640,6251881620
9,258060,56118105,12210843555,20962275,4559471400,992293180530,1775538225,386256585540,3076678846
9,257805,55979130,12162700320,20898525,4538619795,986256490815,1765806405,383530350195,4646294795
9,256530,55622895,12068464815,20793720,4509419490,978544929480,1755154290,380675794770,-474812660
9,256020,55437255,12012365325,20723340,4488076755,972633130095,1743717540,377683294035,15404504935
9,250410,54159960,11722344900,20253630,4381117005,948345308295,1700763300,367921384545,10324754999
9,247350,53478600,11570592870,19992765,4323093285,935435121885,1678182795,362887115895,4420169059
9,254745,54965760,11868855660,20621850,4449275445,960664244565,1733132490,373881171615,9796151735
9,258060,55629015,12000656745,20933460,4511940165,973190386695,1765979040,380543144025,1816522355
9,268770,57797535,12438561105,21745890,4675160310,1005861871800,1831367160,393603632280,-8310897602
9,288915,76742250,20394913260,30210870,8025423750,1016298808360,3255908850,864916724460,-39488291710
9,289935,76836855,20373104385,30300120,8030351880,1072737157674,3264397800,865107680190,-44394973800
9,294270,77765820,20561164080,30545430,8072472015,1180920779433,3268960770,863873889465,-34918935401
9,295800,77902245,20526779115,30442155,8017439190,1305105913852,3228591465,850249660470,-7249210520
9,298605,78373995,20580670815,30698685,8056939200,1368246081366,3251237505,853185907950,-18321485192
9,313395,81897585,21412032015,32561460,8508031905,1352233877557,3490568520,911907858495,-24959464169
9,334560,87074340,22673181690,35267520,9175854465,1301841847487,3845332170,1000097152845,-9845177345
9,342210,88691550,22998047100,36338520,9413499675,1335988201843,3990472050,1033194928845,-11214577523
9,339405,87591225,22617531255,36203625,9337067760,1357181364310,3996893715,1030050686280,-40476785602
9,341700,87736065,22541830935,36716430,9418301580,1412543576646,4084466580,1046578128270,-29610582164
10,396015,60969735,9404501235,36884475,5678525640,875824258680,3604624665,555043734990,586373222
10,396780,61082700,9421269780,36947460,5685877290,876600330270,3613005750,555930987600,-2264344216
10,394230,60701220,9364122240,36712350,5650127055,871149955425,3593074440,552862851315,-3751498751
10,400095,61674810,9525523470,37257030,5739793470,885903708450,3647859150,561807268290,-16398891174
10,410550,63333075,9788624565,38280090,5901498405,911477699505,3755958750,578821849785,-28984172511
10,424830,65505165,10119689535,39769035,6127560495,945863666655,3925300935,604499759715,-20238779097
10,441150,68088825,10528809495,41442345,6391312350,987453932310,4110730305,633538810110,-9495141574
10,448290,69133305,10681244415,42080610,6484184115,1000930291395,4175585730,642983109705,-11536627779
10,455430,70204050,10842052770,42907320,6607410060,1019319723240,4275480450,657784239180,-15643102136
10,459000,70628370,10888208280,43456845,6679309350,1028452061190,4354634235,668617798920,-17845460212
10,386835,78057030,15766336350,33548055,6769884585,1367439821775,3088333815,623263395645,-9721328269
10,384285,77305290,15567207360,33184680,6675556260,1344195965640,3040324710,611592957270,-10126705718
10,372810,74841480,15040224870,32125410,6446996190,1295103071370,2933743890,588538431750,-7603734562
10,384285,76743780,15343213830,33261690,6639103755,1326591070875,3052215870,608940337365,-4315352515
10,385305,76777185,15316804755,33559785,6682118685,1331980488225,3099274335,616645423995,-13224548409
10,381480,75842610,15096555900,33233895,6600152250,1312295816010,3069464835,608953351290,-17607120518
10,373065,74049195,14715740685,32530350,6448267110,1279690488360,3009733380,595811050620,-48707548178
10,373575,73952805,14657846505,32625465,6448985190,1276278430260,3021580425,596442027720,-31927142310
10,382245,75482805,14924390355,33250215,6556014555,1294224359475,3065628615,603598390305,-27458718663
10,398310,78332430,15424658790,34647105,6804186930,1337892007620,3193168395,626316250290,-23385165996
10,411825,94501725,21704244165,45829365,10511892285,2365934787169,5334422265,1223030880915,30305665431
10,405960,92550210,21115847220,45115620,10281658140,2340626561204,5240685540,1193976315810,29653156306
10,414120,93890490,21302364420,45805395,10380406380,2354034761850,5297063745,1200041541300,20181140034
10,434520,98176785,22200079425,47713815,10774334205,2434861920855,5471154795,1234862524935,4855440805
10,448545,100793595,22667814705,49242795,11059970415,2486042355795,5650252005,1268607276225,2656401233
10,459255,102326910,22815858780,51571455,11485657470,2559821029710,6079584285,1353707540100,-27561074840
10,496995,110096505,24408278955,56863725,12588404715,2789013514245,6837922665,1513015771155,-21669176039
10,517905,114065835,25146876255,59449935,13078008795,2879851144755,7182430215,1578294956175,-22601072029
10,537030,117600645,25783204275,61859685,13523420610,2960150826060,7492226145,1635175846500,-204602382
10,545445,118656855,25848248145,62957715,13669112055,2972212193715,7643117295,1656133701585,-2179661507
10,322830,49632435,7640538735,29221725,4488693345,690371813475,2766339705,424634512665,-1814601825
10,321810,49327200,7570650630,29417565,4506010905,691072160265,2811084555,430346381595,3103002123
10,322575,49394010,7573355670,29504265,4514792595,691744613115,2819275665,431190302055,-2144570729
10,317985,48609630,7440441510,29077140,4442897895,679719977445,2776219170,424052157945,5295888907
10,332520,50748060,7755499620,30658140,4677015435,714440115465,2953710390,450455241975,-23321995
10,335325,51002805,7767910215,30880755,4695983100,715045000710,2974847085,452325940590,10144856284
10,340935,51774435,7873816815,31306095,4754217705,723002861955,3004049685,456212177055,8487075409
10,344250,52182945,7922045985,31436655,4765827345,723571950555,2997272805,454419280215,-1324199699
10,355980,53888130,8170992540,32329665,4894004625,742038528315,3066815385,464213148855,-10985137163
10,364905,55271250,8386241100,33072990,5009659110,760106938620,3132056370,474401667480,-7257026314
10,334815,69150390,14294705340,29165370,6017419110,1242680761440,2669109480,550161987450,-6306929700
10,331245,68186235,14048411805,29109270,5986870365,1232448209415,2686410720,552037391835,-2644851503
10,332775,68333625,14043901875,29174550,5986414170,1229456781210,2689511010,551458777200,1873645820
10,328950,67291950,13777432230,29160525,5961467520,1219823626830,2712031845,554039717370,4009540584
10,341190,69467865,14156630235,29806695,6065824740,1235566742370,2739862545,557295460470,14557064236
10,349095,70830075,14384188665,30400080,6165807435,1251719400915,2785563390,564754295385,-4457204835
10,364650,73806690,14953277520,31625865,6399379275,1296156150225,2885526195,583680680475,-4231053307
10,376380,76073640,15391861200,32541570,6575797965,1330164079875,2962537470,598479367815,-12888584471
10,385050,77636025,15669397335,33411120,6735326730,1359124671360,3059509380,616628888520,-6828846090
10,386835,77793870,15660957600,33513375,6739000770,1356468107370,3067732365,616781731440,-4965888956
10,349605,85342380,20848978500,38957880,9510027120,1820825240328,4488819060,1095732941130,9342764866
10,355725,86436585,21019755825,39949830,9709539885,1910761556265,4611675510,1121042642535,-16672660929
10,360825,87378300,21177437880,40425150,9792420240,1935936123738,4658070210,1128624985680,-13505242654
10,370005,89320125,21580591605,41491560,10019008650,1978913783192,4789246290,1156744784280,1084790834
10,365925,87894165,21130455405,40997880,9851895930,1909843156678,4733239620,1137882355230,1267242910
10,364650,87079440,20812414560,39964110,9547332855,1930503183773,4545178140,1086265156035,22705863969
10,350880,83368170,19825069350,38192370,9077130705,1905723664111,4306124310,1023764618295,12224179189
10,348330,82445580,19531626060,38226540,9049848255,1921002789053,4331673780,1025681218185,33276938515
10,351390,82738065,19498885845,39010410,9185373360,2027191756438,4471183260,1052730945240,27532721670
10,357765,83733075,19611902865,39776175,9307610415,2072155964585,4580994165,1071764954865,27223513615
11,269025,42647475,6768536655,23286345,3687539700,584597718870,2096002845,331510423890,-13255476284
11,269790,42768855,6787957455,23287620,3687842895,584674129365,2089956030,330566965455,-9161766939
11,268770,42596220,6758759700,23197860,3673029180,582224662350,2081168730,329157047760,-17105881338
11,268515,42507735,6737272125,23134365,3659075070,579409604640,2070614535,327157790130,-19542894068
11,267240,42256815,6689660565,23129520,3654348645,578027456445,2078827320,328129143525,-4073147983
11,274380,43329855,6850698165,23956740,3780268410,597189499530,2175921120,343030428330,-10133498662
11,275910,43488465,6862836675,24058740,3788489865,597265306185,2180737050,343011156705,3699719185
11,274890,43259475,6816048255,23942715,3764966115,592737672555,2165763705,340250127375,-303742705
11,280755,44102250,6935972970,24697260,3877399185,609432557745,2261422620,354793629075,-4096832265
11,277695,43557825,6840617505,24133710,3783631605,593891242065,2178447660,341309354025,-14758491663
11,292995,64105980,14035441740,24401460,5333206425,1166397894705,2124233130,463715557665,17580245325
11,290700,63499080,13879869300,24125550,5264465310,1149543443520,2093669340,456314273700,847188574
11,291720,63595725,13873773015,24293340,5290789470,1153076990760,2114621670,460007059260,8823908202
11,287640,62579550,13624563810,23881260,5190773370,1129054187910,2072999550,450071897670,13690730886
11,292995,63602100,13816257000,24308895,5273191665,1144690454625,2106285465,456509598855,-911329813
11,286110,61948425,13422839175,23618355,5110628655,1106659525635,2034906375,439969859745,4840986577
11,292230,63126780,13646013900,24043185,5191885425,1121905775205,2063223615,445323930525,9311869473
11,300645,64751640,13955972520,24778095,5334051495,1149088113735,2133759165,459051706095,8209037207
11,301155,64695285,13908096015,24711030,5306584170,1140367787190,2119475850,454922055810,-17490833834
11,298605,64024125,13737719295,24325980,5214792075,1118713142055,2067451770,443082239295,-10618022717
11,306255,81778755,21848233995,31955070,8530977570,994465644316,3434833170,916696381860,-15442049410
11,303450,80798025,21524773125,31427475,8366397000,1107418178934,3349778175,891479609850,-12558442916
11,308550,81901155,21750940275,31966290,8484031305,1144776180267,3411055950,905109796665,-11468017185
11,310080,82037325,21715790055,32030550,8473890975,1212202842705,3407969940,901473964845,17308660035
11,316965,83586960,22054179390,32697120,8622527925,1257107849283,3474813600,916256580555,-19789261671
11,316200,83172075,21888262365,32539275,8559349125,1269076501751,3450635775,907636472325,-17967829917
11,315435,82771470,21730408950,32533410,8537800860,1266721997248,3458172300,907561428630,-18936448306
11,323085,84489915,22106100195,33473595,8755342635,1286138404101,3579878955,936496655775,-16906367351
11,316200,82434870,21501637740,32676210,8518903320,1285671358612,3492063840,910342317360,-8862229656
11,313395,81504120,21207526350,32208030,8376555945,1354989598563,3419770320,889361875395,8474347865
11,345270,54602130,8648461170,30791505,4869838275,771357817335,2862087105,452637658455,-8414218033
11,350115,55290375,8745639375,31093425,4910439630,776702686950,2878027665,454490799300,-9788362588
11,355980,56194605,8885461995,31658760,4998219045,790371285435,2935543170,463478747835,-14556768567
11,367965,58059675,9176612325,32761890,5170515405,817363397025,3045935220,480802627755,-24370062469
11,375615,59266845,9367904145,33517200,5290337355,836440820145,3125482470,493471808565,-19237480569
11,385050,60752985,9602245065,34788630,5491711620,868359344310,3294772890,520370262480,-29339161982
11,386835,61067910,9657518100,35147415,5552691810,878709834090,3347287845,529218276960,-26099600508
11,391680,61831125,9777906405,35833620,5660614695,895702782915,3440140230,543808201155,-7735213253
11,384030,60589275,9576087165,34907205,5510137155,871238921355,3326168745,525298298895,-9802245613
11,383265,60432705,9545514705,34904655,5504877270,869626481640,3334247145,525947432250,-7401453508
11,338640,72550305,15557941425,29156955,6239514675,1336500729405,2617973565,559502227155,14696111737
11,342210,73141395,15647716725,29468565,6293267145,1345260350685,2648628135,565066263405,-6421775971
11,353175,75268860,16057106220,30617085,6520284720,1389922668150,2769342075,589206907110,1236503780
11,361080,76730010,16321863540,30715770,6524017410,1387112390670,2738204280,581185058460,200381360
11,355215,75193890,15934222230,30267480,6403869315,1356317603055,2692055910,569147072265,-2399197075
11,371790,78440550,16566487590,31410135,6624849255,1398699884175,2781558105,586381569585,8246461837
11,371025,78002205,16415848125,31578435,6637409535,1396518500955,2812193805,590890227645,-2850442651
11,383010,80333925,16866137835,32468385,6809423865,1429458196335,2900238165,608146408635,31193616665
11,384540,80378550,16818384240,32444925,6781430220,1418804441430,2884231815,602794385760,14388918374
11,370515,77306055,16145720505,31312215,6533520495,1364556844305,2784714495,581039879055,17073711717
11,379185,95442165,24041727675,40893585,10292867430,1806659456292,4536221265,1141696995600,-21554775806
11,392955,98369820,24643738560,41478810,10386238230,1881032725452,4532285850,1135122966570,-25320862444
11,365160,91038825,22713934005,38819670,9678713955,1774896947281,4261385580,1062457254435,-20993587991
11,367710,91199730,22636890600,38703645,9599918190,1846011967210,4212828225,1044982864590,-19064048842
11,363375,89680950,22151249730,39138930,9658872660,1693990918804,4359398910,1075738953150,-20685175314
11,389640,95681610,23515654770,41886300,10284905310,1771501351444,4679306100,1148792110500,-49068067662
11,391935,95851695,23462109105,42652065,10427925885,1860167864029,4815129045,1176771319185,2769549697
11,404175,98432040,23993521710,44395500,10808292555,1929236519641,5062264080,1231851181995,-6385697487
11,395505,95809365,23231131635,43377540,10506081090,2005715290164,4925231160,1192578108480,-10515845014
11,391170,94371675,22789032015,42586530,10273964535,2094270695445,4784778180,1154272918065,4298160543
12,198645,30940935,4823342085,18329400,2855721030,445287964050,1743395730,271664694210,9441566078
12,206295,32099145,4998840225,19277490,2999765175,467190194295,1857953460,289098376875,5923494679
12,207570,32265660,5019846360,19520250,3034633365,472172869815,1893128160,294295840425,8505105831
12,209355,32540805,5062469865,19793100,3076867485,478733172705,1928127420,299717474475,4692845179
12,209100,32453085,5041275285,19810185,3075260730,477813791370,1933122615,300108227040,9221403440
12,211650,32819010,5093426100,20064930,3112210740,483143302590,1961928180,304347233820,7840849870
12,216750,33590640,5210428260,20455845,3170823255,491948362065,1989644385,308420709135,9984982041
12,211650,32677995,5049811665,20067480,3099911835,479275630125,1961454390,303097502535,14435949129
12,214710,33087015,5103279555,20340840,3136332465,484014233415,1987831590,306629626365,4577165539
12,209610,32228940,4959918300,19709205,3032291190,466943679420,1911685275,294246177390,1250203956
12,218790,46636440,9947146590,19541670,4163048910,887464408920,1803520650,383911038420,2792447710
12,218025,46206000,9798390810,19614855,4155472860,880910847210,1823347665,386057960430,9244351628
12,218790,46204980,9763569030,19675035,4154448270,877766451390,1828269165,385911902040,-4144172644
12,216750,45617715,9606366375,19352460,4072590720,857561143890,1785327930,375601351380,-6333558726
12,223380,46840440,9827529150,19937685,4180359585,877011374715,1840917675,385883999685,452678831
12,227205,47486100,9930295170,20242410,4230727695,884743472985,1866604590,390073587975,894186705
12,236385,49267785,10274126205,21184890,4415937510,920990998530,1968083880,410250437220,2482681244
12,234090,48741210,10154065320,20849310,4341904380,904677392910,1929955260,401919210840,7886085514
12,234090,48639210,10112045400,20719770,4306136295,895433589105,1905051960,395950265955,4691715885
12,225165,46691775,9688056135,19929525,4134030930,858025538160,1832191575,380108076540,2231395850
12,245055,64289580,16872299910,27254655,7147874655,642655488223,3110012895,815309975355,-2149548569
12,238170,62346735,16327409535,26396835,6907483095,683031632093,2999613195,784555142415,6970726553
12,245310,63998625,16704315345,27297240,7117573260,727207864222,3115328370,811734263100,-12080622254
12,245565,63892800,16632175590,27278880,7093708320,754727527726,3108753450,807834414480,4370405022
12,235620,61138545,15871858665,26381535,6842061060,701679524300,3029790405,785238128040,-5944132092
12,232305,60083100,15547013910,26152035,6761342340,722450900956,3018854475,780060099570,14757126898
12,237150,61066890,15732143910,26688555,6870807465,816233718753,3078368925,792214308645,-7803503435
12,230775,59193405,15189408285,26087010,6689444835,844250104417,3020268450,774178352445,-15303923249
12,211395,53991915,13795819005,24522075,6259916970,812730377832,2893243005,738171468870,-23059094880
12,206805,52616700,13392604590,24140850,6139175490,827435589834,2863657650,727894009560,-14293920964
12,200940,31242345,4861792005,18936555,2944889175,458364584115,1835736075,285507953925,23477792993
12,202215,31406055,4881768195,19037025,2957540490,459857210550,1845885585,286821805980,614837200
12,202725,31431555,4877402595,19095165,2961758190,459766290300,1852743045,287446888500,12337465146
12,203745,31522080,4880715300,19254030,2980566990,461757889770,1877693520,290799945210,12253148274
12,205020,31701600,4905803220,19280550,2982895650,461846669040,1871887680,289717244790,13835552860
12,206550,31928040,4939294920,19372350,2996145195,463751412195,1875296010,290157416355,12640632027
12,215730,33335895,5155675425,20197785,3123236175,483361199325,1955629935,302574863715,-9850183551
12,215220,33256080,5143403550,20286270,3137075025,485546547285,1976522340,305846637645,-6591876035
12,219300,33899445,5244899925,20803155,3218032425,498235323315,2040655095,315852723915,960629453
12,219810,33983850,5258939970,21015825,3252039990,503684503740,2077130805,321661829190,3986400588
12,225420,47296380,9928466820,20039940,4204822755,882702918105,1849899540,388114501005,-202173533
12,220575,46162905,9666273525,19458540,4073163705,853057362705,1780973550,372832792155,5958047895
12,217005,45387705,9498019425,19179060,4012528530,839904679710,1759080270,368064514770,2833191946
12,228735,47682195,9945826965,20251845,4222444275,880885663665,1858725855,387556575795,1256310585
12,213435,44490615,9279211575,19026570,3967025055,827571075075,1757907270,366538753125,-5273015415
12,216495,44974350,9348455550,19187985,3987273075,829044882255,1760368785,365867986335,-9930143057
12,218790,45336195,9400134105,19471035,4035319665,836829090795,1791929625,371390109765,-6001723689
12,223380,46207785,9564032295,20031015,4143424620,857570325420,1860200775,384726222930,-1370773842
12,231795,47813010,9868619850,20776125,4284533970,884116757190,1927898685,397462760970,4964768946
12,238170,49016610,10094040360,21363390,4395851670,905065371840,1986329640,408625491540,12098091534
12,221085,57268410,14839924920,24729390,6405005595,671731640155,2838184170,734903975625,27052122577
12,224910,57990825,14957739765,25045590,6457626375,767977843891,2859398640,737143917555,16457231931
12,223380,57374490,14741425050,24833175,6377735130,839651343144,2829165075,726457292130,-2178221572
12,233580,59769705,15299151615,26107665,6680243160,863741534068,2994181185,766035971670,3705561570
12,232560,59347425,15149838405,25956195,6622720005,938701906055,2972050755,758158218165,372595891
12,190485,48516045,12361497555,21832335,5558642235,844539295397,2544464715,647589811185,-1073631993
12,181305,46074930,11713176120,20746035,5270103615,849598325841,2414176035,612993359385,19820461463
12,199410,50549925,12818405535,22671795,5743387185,832660812965,2642314845,668855414295,-12334952221
12,181815,45955845,11620143195,21536790,5438287335,695129067817,2598461730,655455385635,6487257117
12,197625,49726785,12517033785,23121105,5813417325,796513701565,2765135595,694671416925,1807543937
13,303450,46464825,7124527365,25270500,3873281700,594445268580,2206517550,338557023000,-10704430672
13,303705,46541325,7141941315,25370715,3891680715,597731783805,2222900535,341331171825,-8578622005
13,306000,46934535,7208694195,25603785,3930814800,604265262990,2247827295,345452387730,-3896503412
13,306000,46978140,7222117650,25603530,3933853635,605207883495,2247237990,345589668255,-7655589241
13,306255,47062290,7241845470,25631835,3941437080,606858867990,2251941975,346550799210,-13395294780
13,308805,47533020,7326569730,25878930,3985083645,614459223315,2276041260,350669622705,-2150552545
13,310590,47880840,7391398890,26013825,4010705025,619153947225,2286916245,352659829365,-11942856335
13,320280,49475100,7653126810,26962935,4164646740,644101289550,2384978535,368383728870,-16297196888
13,324105,50137845,7767152865,27203400,4206240045,651255654975,2399314380,370854381795,-16875034127
13,332265,51487815,7990195245,28032405,4340380245,672970897035,2485704045,384607694085,-10883365681
13,309570,66906390,14470240200,24142125,5220618825,1129671251445,1991608905,430945007865,9031459393
13,309825,66960195,14481576225,24154365,5223313665,1130262278205,1994028855,431484383355,8651434395
13,306255,66158730,14301732120,23757585,5134711110,1110479644170,1950015345,421682752770,11968442774
13,306255,66177090,14309844690,23789460,5142964440,1112569452300,1954714740,422793492480,6950278332
13,307785,66504255,14379915885,23898345,5166388230,1117617954030,1963127955,424615453200,-5741876288
13,305490,65992980,14266019880,23757075,5134639965,1110485299305,1953597585,422447172645,-4663105303
13,301665,65143065,14077214055,23360805,5046568320,1090915569360,1911904575,413182576140,-9981577860
13,302685,65374605,14129867985,23409000,5057939535,1093595682345,1912082820,413304332265,-3137587989
13,302430,65316975,14116807395,23328420,5040039555,1089617009655,1900703190,410781028215,-8732267205
13,300645,64928865,14032366695,23217240,5015510595,1084202520705,1894206300,409312777485,-5373787077
13,324105,87135540,23437488090,32005305,8608363185,1173948360799,3282897285,883378159125,-17007294397
13,321555,86398335,23225305395,31616175,8497894890,1215672959706,3230283135,868540560570,-11506249058
13,320025,85970190,23105769810,31496835,8464510545,1227832857581,3218285895,865212249825,-5230129427
13,316965,85116450,22868018520,31128615,8362165020,1250965429688,3170522355,851981537340,-15807058612
13,312375,83847570,22517371590,30631875,8225051010,1260375619984,3113542095,836280980280,-11376008794
13,308040,82609545,22165169415,30088725,8071598385,1285850893415,3045548895,817224225165,-4856365941
13,308040,82561350,22139322870,30030840,8051324355,1296319086609,3033868620,813607710615,-9500592711
13,308040,82523610,22119328830,29976270,8032777185,1341860451051,3019899720,809438959905,-5669630269
13,311355,83391375,22346661585,30328680,8125085910,1366056921906,3058858620,819645818130,-1387331486
13,313140,83795295,22435067535,30560475,8179359090,1357034668726,3089006505,826879391400,-10773704152
13,307785,48072600,7518277200,25586190,3994889670,624517865340,2231831400,348383413830,-15660164480
13,317220,49619940,7772218440,26486595,4140532920,648108810900,2322325035,362839514280,-21734354780
13,320790,50234235,7877976375,26560290,4156212105,651283355115,2305142880,360475947075,-21481584427
13,324615,50886780,7988953140,26915505,4215390465,661138910805,2340684015,366262163805,-23079615587
13,328950,51638010,8118784350,27251850,4272962070,670990779960,2368042710,370850885490,-15587532420
13,327675,51464355,8095641315,27151890,4259077320,669093369840,2360298360,369758992830,-12853379034
13,327165,51396015,8086677045,27197535,4266451665,670275592935,2375364525,372060428775,-18825903947
13,328695,51677790,8137532970,27404085,4302071850,676376770620,2402225205,376525078680,-21367794610
13,329205,51755820,8149318560,27604005,4332905430,681122088060,2434501575,381499886940,-24105048174
13,326655,51357000,8086721670,27391590,4300878450,676280923260,2415690990,378761797410,-27123308152
13,292485,63882090,13962313860,22326780,4876440735,1065776441025,1796583120,392398389825,-9240006169
13,298605,65194320,14244129660,22855395,4989515895,1089995184345,1844312235,402591320715,-3575946675
13,304215,66421125,14512816785,23322300,5091168585,1112156839605,1885903500,411615471345,-14720118039
13,309825,67634160,14775422670,23839950,5202752760,1136233142730,1934997630,422175770790,-9147531912
13,318750,69596895,15207888645,24598065,5368417590,1172502048750,2001386115,436601297250,-4573495642
13,328950,71811315,15689366385,25410750,5543851725,1210425967755,2072596140,451903909215,-2213649143
13,339660,74106315,16181569425,26450640,5766462900,1258114738950,2178287010,474513628290,1213173096
13,342465,74650485,16285717035,26786730,5832753210,1271071136970,2217432060,482313202620,2842586272
13,342210,74537520,16248569910,26880570,5848235790,1273370691780,2234554800,485578773420,352235474
13,345525,75182415,16372493535,27261030,5923776225,1288263484575,2278003230,494300099565,-1124262617
13,359805,96620775,25960260975,35836680,9619378260,1367933261792,3706946730,994559386950,-28346496350
13,365415,97927650,26257713120,36793695,9854606580,1305037658134,3850474245,1030624239930,-16329330964
13,365925,97886595,26198957805,36994635,9889029030,1274708448746,3892478865,1039663471770,-4892178998
13,374595,99924555,26669456775,38278815,10201465230,1208337102518,4078877235,1085924116230,-15322348486
13,365160,97167240,25869954510,37259580,9904490190,1229859998358,3964652280,1052703373110,8730944146
13,366690,97294485,25829971785,37584705,9961430670,1207190327246,4020480705,1064274092460,-14800481112
13,360825,95507700,25294523550,37095870,9808901145,1199318408915,3978040290,1050645920655,-4464292527
13,363630,95981745,25349092275,37296555,9836353425,1234175521213,3992676015,1051974742995,25394742579
13,365160,96065385,25287343005,37404165,9833409450,1285340975682,3999312645,1050531375420,14928800044
13,365670,95933805,25182610425,37410030,9810081540,1315585339432,3996324300,1047364143840,8273000248
14,258315,41568570,6696798780,22655220,3644308275,586856144985,2055024090,330443177235,-21279602759
14,263415,42370800,6823148220,23089230,3712605945,597618301155,2094475650,336667682355,-17004539207
14,269535,43313280,6968205990,23795070,3823374885,615013264365,2176455600,349704358965,-16109646515
14,271575,43614435,7012429875,24079395,3867198675,621766886835,2212866285,355435719585,-15156784655
14,275400,44236635,7113768915,24561600,3945738420,634574297280,2270987670,364914660930,-13747400270
14,277695,44587005,7167288315,24923700,4002440475,643467064515,2318942460,372508597905,-11885688135
14,275145,44157585,7094787735,24751830,3972868890,638372817570,2309669640,370826650800,-14779394660
14,270300,43384935,6971313165,24311700,3902136480,626983401690,2266596570,363854044530,-15815126112
14,268515,43157220,6944277810,24151050,3880867950,624299646030,2249957310,361520179470,-9748079846
14,271320,43676400,7038703290,24405540,3927594660,632744366790,2275512390,366133209030,-20413228600
14,264435,58850175,13104601215,22230135,4944389565,1100338531065,1941894105,431650497495,8165672055
14,266730,59279085,13181993715,22379565,4970923845,1104756367305,1951988535,433321249335,15980332895
14,271830,60303675,13385957505,22831425,5062314315,1123096119285,1994909625,442087888725,30461262539
14,272850,60413070,13384378800,22858200,5058711420,1120183961910,1994147430,441120789750,34118189836
14,273105,60394455,13363605225,22869930,5055497655,1118182211655,1996392450,441153975705,32856642893
14,272085,60064995,13267813965,22815870,5034852345,1111697825835,1994524830,439984206045,23585276235
14,272085,59948970,13216617870,22857945,5034478515,1109487381795,2002517805,440917367835,16613124623
14,268005,58970280,12983380590,22466265,4941161010,1087377057270,1962520545,431461838550,20304019622
14,266220,58514850,12869424660,22368600,4914228675,1080259783635,1956604290,429662564415,18156796319
14,262140,57564210,12648449820,21938415,4814931675,1057378948815,1909668735,418914306255,-597820713
14,291720,79019145,21412808745,30906765,8369825220,755682580658,3372374235,913069501050,-23796849856
14,286620,77456250,20940368970,30200160,8159227860,835172751746,3275926350,884855370810,-33455917212
14,286620,77261940,20835745530,30130545,8119631460,879028861480,3258947685,877969699140,-19241906552
14,279225,75109740,20212664250,29249775,7865439045,926234881493,3151651335,847223346225,-42506595423
14,283050,75974190,20401533570,29757480,7984279245,957795577929,3219248520,863427587445,-47726102067
14,283560,75895140,20322502950,30085665,8048789145,960219017347,3285663015,878609292945,-41342361705
14,287640,76871535,20553278205,30514575,8150954385,971345051629,3332489175,889706743515,-30814852801
14,284070,75726330,20195940840,30209850,8049298125,964528661425,3307930380,880954794675,-30680453605
14,300135,79860390,21259380090,32007090,8512161885,1006393267537,3513110520,933817810905,-24714287819
14,297330,78911790,20953319400,31626120,8389213380,1058155844548,3458816430,917015125230,-46731634338
14,228990,35018385,5363095485,20107770,3076726470,471513973020,1825420560,279522040320,-11721702850
14,232815,35797155,5512007325,20379855,3133250535,482447131935,1843754295,283455017775,-6302285949
14,231540,35824440,5550486060,20221755,3128231880,484629056010,1824958245,282290224440,747076578
14,239700,37317465,5817763545,20933460,3257711955,507701700045,1890055410,294024780015,-2176356871
14,239445,37471740,5871967110,20944170,3275722605,513042682695,1894730580,296160054645,-1643833869
14,243525,38295135,6029934765,21304995,3347835330,526779125970,1927717125,302678698950,-20087650110
14,245055,38695740,6117941130,21408015,3378677835,533902150875,1934029395,305061170325,-6700863479
14,242505,38389740,6084465750,21203505,3355033215,531486490995,1916847495,303163930035,-11020858729
14,246075,39097110,6218834940,21576825,3426940665,544876075365,1957643415,310814685345,-1340772687
14,240975,38365515,6114551415,21058665,3351988770,534083529570,1905463275,303252630510,-1834674538
14,235875,50766675,10934583855,19387140,4175637495,900077623605,1657708590,357371486295,34843895545
14,237150,51180030,11053631880,19456755,4201029120,907797498450,1659832995,358617798030,27533088536
14,237660,51474810,11157370980,19516425,4228686675,916982179995,1666452285,361273983855,18076726223
14,239445,52046010,11321296710,19726290,4288351575,933002453505,1688940990,367258174935,23789882801
14,239955,52337475,11423968635,19781625,4313781705,941446547985,1694816445,369545019525,14717175157
14,245055,53699430,11776055550,20200845,4424680695,969919539945,1729101195,378575992935,15087917589
14,249135,54821430,12072219180,20568300,4524100095,995872075695,1763362740,387702031365,21999393437
14,252960,55863360,12346070820,20956665,4625207340,1021602180810,1802566185,397574139870,31717266664
14,257295,57011625,12642075585,21309585,4718989455,1045816900995,1831902405,405417608115,36910131327
14,254745,56535795,12555903945,21133380,4686405300,1039975754970,1822786920,403867939200,11363125698
14,271830,74354940,20349383010,28503645,7794448320,663721315608,3069170565,839029466670,-40522261034
14,277440,76110870,20890770960,29158740,7995811620,574592821288,3146130840,862326401310,-54003126070
14,279990,76989855,21181293735,29432100,8089084755,540777426313,3176098950,872446741605,-38683340109
14,272850,75152580,20709939240,28626810,7881151125,573106503303,3082646550,848259622365,-30469132537
14,287130,79268790,21894674340,30217500,8338824615,476963289955,3263665950,900248161995,-50271145713
14,279990,77481240,21451038600,29419860,8138850810,448714566930,3171655830,877130879190,-46285808530
14,282285,78202890,21674658300,29680725,8220980700,435524671776,3201054015,886437820740,-52716528236
14,286620,79462335,22038812835,30393960,8425059750,347723080412,3310278930,917431978320,-53625977070
14,282030,78199065,21690693975,29853105,8275809780,366617173336,3245017545,899393727120,-41355831080
14,277695,77015865,21367347345,29402010,8152571085,358676066107,3198045270,886548479775,-40990352531
15,372300,58286625,9139985145,32432430,5071140375,794115116895,2989528200,466839713115,-5575924773
15,381480,59571315,9317534505,33327225,5201628210,813066922680,3088467435,481747132200,1761855766
15,386580,60226410,9398475330,33764040,5259038910,820398893820,3127618350,486984151350,-8893272476
15,389385,60495945,9414722145,33801780,5252418345,817443278325,3116546760,484300165425,-20641565027
15,390915,60603555,9411974775,33634755,5215648620,810096791310,3072077565,476422479750,-9191858920
15,396270,61269360,9490568580,33873945,5238776865,811569671565,3078417375,476143358535,-4952595809
15,400350,61782930,9552288780,34142460,5271272535,815223034125,3098456550,478537393395,-8896950151
15,411825,63441960,9791616480,35230545,5430830880,838594731450,3220145865,496668931500,-13755006526
15,417690,64237305,9898033335,35817555,5513363415,850137251115,3286090395,506280199485,-9481364951
15,415905,63836445,9816924975,35651805,5476176255,842607341835,3273286845,503180003325,-18084985751
15,368985,78005775,16506094665,29476215,6221256420,1314192394320,2516584035,530343127860,28414145584
15,366690,77305545,16312936755,29492025,6206461830,1307298095490,2539426935,533480647860,17080400208
15,370770,77925960,16394497230,29897985,6270115440,1316250705360,2584360485,540784310940,22661291448
15,376890,78969675,16563898575,30656355,6407040750,1340450940270,2677471695,558089884920,19946081052
15,384030,80249520,16787997420,31432320,6553340370,1367825348370,2753034060,572599375740,22415442776
15,381990,79561785,16590157455,31408860,6528219300,1358422114740,2757016650,571741585830,9761758690
15,385305,80021550,16638240000,31751835,6581924340,1365965743020,2797218165,578612454240,21980595216
15,391935,81075210,16790207250,32290395,6669493380,1379131575600,2847465405,587107651740,19532768808
15,392700,80870955,16673275215,32368680,6657791175,1370969881635,2854357290,586261918485,9150460785
15,398565,81725205,16776749625,32613735,6680621580,1369995118380,2861818845,585487109910,1115337746
15,388110,99358455,25450995885,39432945,10087068660,1641101641086,4196478645,1072688462100,-12179543706
15,375105,95700225,24431146335,39031575,9949404360,1493979725112,4235013225,1078628553480,-21958264708
15,376635,95749950,24358377750,39373020,9998817240,1535825625216,4293371250,1089152468250,-16105593054
15,391425,99153690,25134992490,40175505,10161541665,1674349555231,4334068485,1094479501635,-21922400123
15,378165,95362350,24067333500,39883530,10039820220,1700500421072,4393001280,1103762808510,-20504113810
15,394230,99030780,24898965000,41377575,10372742865,1859759593717,4556889525,1139796511455,-5248975737
15,403920,100947870,25252977930,42530940,10607021820,2020981807114,4693742670,1167924057210,10379767956
15,378420,94261260,23503221990,40509810,10072469910,1884348647300,4521239250,1121875114260,34480055410
15,401370,99394920,24638370300,43020030,10637290830,1984405573814,4807341090,1186702088400,24709770876
15,398565,98186475,24211693845,42613560,10485445215,1985645084711,4749666720,1167158556645,17075628205
15,351645,56294820,9025978980,29563425,4725704880,756499754520,2616748035,417735471600,-14073430616
15,364650,58358535,9354256035,30906000,4937717490,790046766570,2766373110,441281809500,-9223659664
15,374595,59916330,9599229180,31920645,5095876395,814778537505,2875333845,458201850765,-8081103197
15,379695,60736920,9731635380,32553810,5197011180,830965584840,2954390730,470756620470,-17100110434
15,384540,61514160,9856653720,33160200,5294279400,846597511200,3031301280,483051052260,-20506043128
15,382755,61209945,9805013415,33174480,5295338415,846574206495,3047997150,485640238875,-18467650741
15,385050,61553685,9856290855,33480480,5342833695,853942692615,3085340370,491545929735,-12225859897
15,382245,61063575,9771119835,33188505,5294720040,846004976370,3052671045,486375174630,-12176924696
15,379950,60672660,9704692590,32902650,5248591305,838550496345,3017426220,480841951305,-27291295207
15,383265,61148490,9772363980,33173205,5288480445,844407559215,3042837225,484699224105,-13370541125
15,385560,81741270,17348203350,31764840,6716474070,1421674222140,2800227420,590505469620,19528315446
15,361845,76525245,16201282455,30618615,6458807280,1363886040030,2749672905,578484221370,11643627872
15,375360,79105590,16689309870,31895655,6706900605,1411811653185,2871752115,602500773915,4031356319
15,388620,81747645,17213217825,32368935,6795527385,1428081938895,2888492355,605161345995,2898079877
15,380205,79722435,16733934105,32276625,6756600105,1415825909595,2907011985,607512564315,8187291113
15,401625,83911575,17549834655,33267045,6941321085,1449811514505,2953513275,615397264785,12795656429
15,393720,81947310,17074728600,33041625,6867752820,1428953600550,2942911395,610876669410,15177133636
15,414375,85928370,17837839560,33906330,7024163445,1456642818135,2975323170,615756574065,8877919743
15,428910,88651005,18343244205,34996455,7226423325,1493739298605,3070039605,633325475835,7668012843
15,443445,91422600,18868308840,36324750,7483234590,1543155691740,3214520820,661726830390,33694055388
15,396270,99893955,25203216465,41995695,10565322435,1737089471155,4676014815,1173858173175,6260901951
15,395760,99344430,24958378980,42151755,10560795930,1712008990012,4714244415,1178706108990,-5962895356
15,384285,96071505,24037678785,41210550,10287103410,1663905130334,4623737010,1152311044710,4753337586
15,377400,93923895,23394348465,40541175,10078613370,1653035283086,4545397185,1128615380850,17341316798
15,400605,99053220,24512021880,42963420,10610577795,1845302160119,4809432600,1186292661165,17208877881
15,407745,100259880,24672778980,43649625,10722550080,1880231059504,4881911505,1198056885990,21496440674
15,421515,103081965,25229445255,44832570,10955249055,1961892804703,4983683790,1216903962765,-7834718819
15,430185,104596920,25453598160,45712320,11106778470,1996414630756,5083162860,1234330380990,-9707641636
15,435795,105557505,25589556255,46112925,11163590175,1927347012209,5129068725,1241189527305,9072412075
15,424830,102385560,24698000010,44499030,10719015270,1982906490790,4889514840,1177278744450,36216198290
